{
    "device": "cpu",
    "test_samples": 100,
    "strategy": "iid",
    "thresholds": {
        "centralized": 0.16,
        "federated": 0.125
    },
    "centralized": {
        "threshold": 0.16,
        "accuracy": 0.77,
        "precision": 0.7121212121212122,
        "recall": 0.9215686274509803,
        "f1": 0.8034188034188035,
        "auc": 0.907563025210084,
        "confusion_matrix": [
            [
                30,
                19
            ],
            [
                4,
                47
            ]
        ],
        "report": "              precision    recall  f1-score   support\n\n    Negative       0.88      0.61      0.72        49\n    Positive       0.71      0.92      0.80        51\n\n    accuracy                           0.77       100\n   macro avg       0.80      0.77      0.76       100\nweighted avg       0.80      0.77      0.76       100\n"
    },
    "federated": {
        "threshold": 0.125,
        "accuracy": 0.85,
        "precision": 0.8214285714285714,
        "recall": 0.9019607843137255,
        "f1": 0.8598130841121495,
        "auc": 0.9327731092436975,
        "confusion_matrix": [
            [
                39,
                10
            ],
            [
                5,
                46
            ]
        ],
        "report": "              precision    recall  f1-score   support\n\n    Negative       0.89      0.80      0.84        49\n    Positive       0.82      0.90      0.86        51\n\n    accuracy                           0.85       100\n   macro avg       0.85      0.85      0.85       100\nweighted avg       0.85      0.85      0.85       100\n"
    },
    "threshold_sweep": {
        "thresholds": [
            0.0,
            0.01,
            0.02,
            0.03,
            0.04,
            0.05,
            0.06,
            0.07,
            0.08,
            0.09,
            0.1,
            0.11,
            0.12,
            0.13,
            0.14,
            0.15,
            0.16,
            0.17,
            0.18,
            0.19,
            0.2
        ],
        "centralized": [
            {
                "threshold": 0.0,
                "accuracy": 0.51,
                "precision": 0.51,
                "recall": 1.0,
                "f1": 0.6754966887417219,
                "auc": 0.907563025210084
            },
            {
                "threshold": 0.01,
                "accuracy": 0.51,
                "precision": 0.51,
                "recall": 1.0,
                "f1": 0.6754966887417219,
                "auc": 0.907563025210084
            },
            {
                "threshold": 0.02,
                "accuracy": 0.52,
                "precision": 0.5151515151515151,
                "recall": 1.0,
                "f1": 0.68,
                "auc": 0.907563025210084
            },
            {
                "threshold": 0.03,
                "accuracy": 0.57,
                "precision": 0.5425531914893617,
                "recall": 1.0,
                "f1": 0.7034482758620689,
                "auc": 0.907563025210084
            },
            {
                "threshold": 0.04,
                "accuracy": 0.57,
                "precision": 0.5425531914893617,
                "recall": 1.0,
                "f1": 0.7034482758620689,
                "auc": 0.907563025210084
            },
            {
                "threshold": 0.05,
                "accuracy": 0.6,
                "precision": 0.5617977528089888,
                "recall": 0.9803921568627451,
                "f1": 0.7142857142857143,
                "auc": 0.907563025210084
            },
            {
                "threshold": 0.06,
                "accuracy": 0.62,
                "precision": 0.5747126436781609,
                "recall": 0.9803921568627451,
                "f1": 0.7246376811594203,
                "auc": 0.907563025210084
            },
            {
                "threshold": 0.07,
                "accuracy": 0.63,
                "precision": 0.5813953488372093,
                "recall": 0.9803921568627451,
                "f1": 0.7299270072992701,
                "auc": 0.907563025210084
            },
            {
                "threshold": 0.08,
                "accuracy": 0.64,
                "precision": 0.5882352941176471,
                "recall": 0.9803921568627451,
                "f1": 0.7352941176470589,
                "auc": 0.907563025210084
            },
            {
                "threshold": 0.09,
                "accuracy": 0.68,
                "precision": 0.6172839506172839,
                "recall": 0.9803921568627451,
                "f1": 0.7575757575757576,
                "auc": 0.907563025210084
            },
            {
                "threshold": 0.1,
                "accuracy": 0.74,
                "precision": 0.6666666666666666,
                "recall": 0.9803921568627451,
                "f1": 0.7936507936507936,
                "auc": 0.907563025210084
            },
            {
                "threshold": 0.11,
                "accuracy": 0.74,
                "precision": 0.6666666666666666,
                "recall": 0.9803921568627451,
                "f1": 0.7936507936507936,
                "auc": 0.907563025210084
            },
            {
                "threshold": 0.12,
                "accuracy": 0.74,
                "precision": 0.6712328767123288,
                "recall": 0.9607843137254902,
                "f1": 0.7903225806451613,
                "auc": 0.907563025210084
            },
            {
                "threshold": 0.13,
                "accuracy": 0.74,
                "precision": 0.6712328767123288,
                "recall": 0.9607843137254902,
                "f1": 0.7903225806451613,
                "auc": 0.907563025210084
            },
            {
                "threshold": 0.14,
                "accuracy": 0.74,
                "precision": 0.6712328767123288,
                "recall": 0.9607843137254902,
                "f1": 0.7903225806451613,
                "auc": 0.907563025210084
            },
            {
                "threshold": 0.15,
                "accuracy": 0.76,
                "precision": 0.6901408450704225,
                "recall": 0.9607843137254902,
                "f1": 0.8032786885245902,
                "auc": 0.907563025210084
            },
            {
                "threshold": 0.16,
                "accuracy": 0.77,
                "precision": 0.7121212121212122,
                "recall": 0.9215686274509803,
                "f1": 0.8034188034188035,
                "auc": 0.907563025210084
            },
            {
                "threshold": 0.17,
                "accuracy": 0.78,
                "precision": 0.7230769230769231,
                "recall": 0.9215686274509803,
                "f1": 0.8103448275862069,
                "auc": 0.907563025210084
            },
            {
                "threshold": 0.18,
                "accuracy": 0.77,
                "precision": 0.71875,
                "recall": 0.9019607843137255,
                "f1": 0.8,
                "auc": 0.907563025210084
            },
            {
                "threshold": 0.19,
                "accuracy": 0.77,
                "precision": 0.71875,
                "recall": 0.9019607843137255,
                "f1": 0.8,
                "auc": 0.907563025210084
            },
            {
                "threshold": 0.2,
                "accuracy": 0.78,
                "precision": 0.7301587301587301,
                "recall": 0.9019607843137255,
                "f1": 0.8070175438596491,
                "auc": 0.907563025210084
            }
        ],
        "federated": [
            {
                "threshold": 0.0,
                "accuracy": 0.51,
                "precision": 0.51,
                "recall": 1.0,
                "f1": 0.6754966887417219,